case_id,question,question_type,difficulty,method,num_examples,gold_answer,answer,reasoning_quality,completeness,latency_sec,judge_reason,key_points,expected_evidence,notes,sources
case_001,Does adding occupancy data improve heating and electricity load forecasting in hotels? Give the main conclusion and the reported NRMSE numbers.,evidence_grounded_conclusion,easy,fewshot_cot,7,"Yes, but only slightly overall. In the ED model, heating NRMSE improves from 4.91% to 4.90%, and electricity NRMSE improves from 7.20% to 7.07% when occupancy is included.","1) Conclusion
Yes, adding occupancy data slightly improves both heating and electricity load forecasting in hotels, with a more noticeable benefit for electricity.

2) Explanation
- For heating, the average NRMSE decreased from 4.91% (without occupancy) to 4.90% (with occupancy).
- For electricity, the average NRMSE decreased from 7.20% (without occupancy) to 7.07% (with occupancy).
- The improvement is small overall and context-dependent; occupancy had a stronger effect when time features were excluded.
- The paper recommends evaluating occupancy inclusion based on the prediction target and feature relevance rather than adding it by default.

3) Evidence (source/page/chunk + short summary)
- Source: Neubauer_2025_J._Phys.__Conf._Ser._3140_052023.pdf | page=4 | chunk=17: Heating NRMSE from 4.91% to 4.90%; electricity NRMSE from 7.20% to 7.07%.
- Source: Neubauer_2025_J._Phys.__Conf._Ser._3140_052023.pdf | page=6 | chunk=21: Same NRMSE values confirmed in the conclusion section.
- Source: Neubauer_2025_J._Phys.__Conf._Ser._3140_052023.pdf | page=6 | chunk=22: Occupancy should not be included by default but evaluated based on prediction target and feature relevance.

4) Assumptions & Scope
- The results are based on LSTM-based models (ED and standard LSTM) applied to two hotels.
- The improvement is marginal and context-dependent; occupancy had a stronger effect when time features were excluded.

5) Suggested Next Retrieval
occupancy feature importance hotel heating electricity LSTM NRMSE time features excluded",0.9,1.0,23.2525,"The answer provides a clear conclusion, explains the NRMSE numbers correctly, and covers all required key points. The reasoning is well-structured with separate sections for conclusion, explanation, evidence, and assumptions. Minor deduction for slightly verbose structure but overall excellent.","[""slightly"", ""heating"", ""4.91"", ""4.90"", ""electricity"", ""7.20"", ""7.07"", ""ED model""]","[{""source_substring"": ""Influence of occupancy data on heating"", ""page"": 2}]",Occupancy paper: main abstract result.,"[{'source': 'D:\\mir\\TU Berlin\\thesis\\building_kb_agent\\data\\docs\\Neubauer_2025_J._Phys.__Conf._Ser._3140_052023.pdf', 'page': 4, 'chunk_id': 17}, {'source': 'D:\\mir\\TU Berlin\\thesis\\building_kb_agent\\data\\docs\\Neubauer_2025_J._Phys.__Conf._Ser._3140_052023.pdf', 'page': 4, 'chunk_id': 17}, {'source': 'D:\\mir\\TU Berlin\\thesis\\building_kb_agent\\data\\docs\\Neubauer_2025_J._Phys.__Conf._Ser._3140_052023.pdf', 'page': 5, 'chunk_id': 18}, {'source': 'D:\\mir\\TU Berlin\\thesis\\building_kb_agent\\data\\docs\\Neubauer_2025_J._Phys.__Conf._Ser._3140_052023.pdf', 'page': 4, 'chunk_id': 16}, {'source': 'D:\\mir\\TU Berlin\\thesis\\building_kb_agent\\data\\docs\\Neubauer_2025_J._Phys.__Conf._Ser._3140_052023.pdf', 'page': 6, 'chunk_id': 22}, {'source': 'D:\\mir\\TU Berlin\\thesis\\building_kb_agent\\data\\docs\\Neubauer_2025_J._Phys.__Conf._Ser._3140_052023.pdf', 'page': 6, 'chunk_id': 21}]"
case_001,Does adding occupancy data improve heating and electricity load forecasting in hotels? Give the main conclusion and the reported NRMSE numbers.,evidence_grounded_conclusion,easy,fewshot_no_cot,7,"Yes, but only slightly overall. In the ED model, heating NRMSE improves from 4.91% to 4.90%, and electricity NRMSE improves from 7.20% to 7.07% when occupancy is included.","Yes, adding occupancy data slightly improves both heating and electricity load forecasting in hotels. The average NRMSE for heating decreased from 4.91% to 4.90%, and for electricity from 7.20% to 7.07%.",0.8,1.0,1.5655,"The answer clearly states the main conclusion (slight improvement), provides the reported NRMSE numbers for both heating and electricity, and covers all required key points. The reasoning is logical and well-structured, though it could explicitly mention the ED model as in the reference.","[""slightly"", ""heating"", ""4.91"", ""4.90"", ""electricity"", ""7.20"", ""7.07"", ""ED model""]","[{""source_substring"": ""Influence of occupancy data on heating"", ""page"": 2}]",Occupancy paper: main abstract result.,"[{'source': 'D:\\mir\\TU Berlin\\thesis\\building_kb_agent\\data\\docs\\Neubauer_2025_J._Phys.__Conf._Ser._3140_052023.pdf', 'page': 4, 'chunk_id': 17}, {'source': 'D:\\mir\\TU Berlin\\thesis\\building_kb_agent\\data\\docs\\Neubauer_2025_J._Phys.__Conf._Ser._3140_052023.pdf', 'page': 4, 'chunk_id': 17}, {'source': 'D:\\mir\\TU Berlin\\thesis\\building_kb_agent\\data\\docs\\Neubauer_2025_J._Phys.__Conf._Ser._3140_052023.pdf', 'page': 5, 'chunk_id': 18}, {'source': 'D:\\mir\\TU Berlin\\thesis\\building_kb_agent\\data\\docs\\Neubauer_2025_J._Phys.__Conf._Ser._3140_052023.pdf', 'page': 4, 'chunk_id': 16}, {'source': 'D:\\mir\\TU Berlin\\thesis\\building_kb_agent\\data\\docs\\Neubauer_2025_J._Phys.__Conf._Ser._3140_052023.pdf', 'page': 6, 'chunk_id': 22}, {'source': 'D:\\mir\\TU Berlin\\thesis\\building_kb_agent\\data\\docs\\Neubauer_2025_J._Phys.__Conf._Ser._3140_052023.pdf', 'page': 6, 'chunk_id': 21}]"
case_002,"According to the occupancy study, how large can the permutation feature importance of occupancy become in heating forecasts?",fact_extraction,easy,fewshot_cot,7,The permutation feature importance of occupancy can contribute up to 14.7% in heating forecasts.,"1) Conclusion
The permutation feature importance (PFI) of occupancy can reach up to 14.7% in heating forecasts.

2) Explanation
- The context explicitly states that occupancy contributes up to 14.7% in heating forecasts.
- A table in the document shows that for Hotel 1, the occupancy PFI for the guest room wing heating load (Q̇_GRW) is 14.7%.
- The PFI values for occupancy vary across datasets, ranging from 3.0% to 14.7%.

3) Evidence (source/page/chunk + short summary)
- Source: Neubauer_2025_J._Phys.__Conf._Ser._3140_052023.pdf | page=1 | chunk=3: ""The permutation feature importance (PFI) shows that occupancy contributes up to 14.7 % in heating forecasts.""
- Source: Neubauer_2025_J._Phys.__Conf._Ser._3140_052023.pdf | page=4 | chunk=14: Table 2 shows occupancy PFI of 14.7% for Q̇_GRW in Hotel 1, and states that occupancy PFI ranges from 3.0% to 14.7%.

4) Assumptions & Scope
- This value is specific to the hotel datasets and the random forest model used for feature importance analysis in the study.
- The PFI values are relative percentages and depend on the specific prediction target and dataset.

5) Suggested Next Retrieval
permutation feature importance occupancy heating forecast hotel guest room wing",1.0,1.0,5.4585,"The answer clearly states the conclusion (14.7%), provides a logical explanation with context from the study, cites evidence, and covers all required key points (14.7, occupancy, heating, feature importance).","[""14.7"", ""occupancy"", ""heating"", ""feature importance""]","[{""source_substring"": ""Influence of occupancy data on heating"", ""page"": 2}, {""source_substring"": ""Influence of occupancy data on heating"", ""page"": 5}]",Occupancy paper: abstract + table result.,"[{'source': 'D:\\mir\\TU Berlin\\thesis\\building_kb_agent\\data\\docs\\Neubauer_2025_J._Phys.__Conf._Ser._3140_052023.pdf', 'page': 1, 'chunk_id': 3}, {'source': 'D:\\mir\\TU Berlin\\thesis\\building_kb_agent\\data\\docs\\Neubauer_2025_J._Phys.__Conf._Ser._3140_052023.pdf', 'page': 1, 'chunk_id': 3}, {'source': 'D:\\mir\\TU Berlin\\thesis\\building_kb_agent\\data\\docs\\Neubauer_2025_J._Phys.__Conf._Ser._3140_052023.pdf', 'page': 4, 'chunk_id': 14}, {'source': 'D:\\mir\\TU Berlin\\thesis\\building_kb_agent\\data\\docs\\Neubauer_2025_J._Phys.__Conf._Ser._3140_052023.pdf', 'page': 6, 'chunk_id': 22}, {'source': 'D:\\mir\\TU Berlin\\thesis\\building_kb_agent\\data\\docs\\Neubauer_2025_J._Phys.__Conf._Ser._3140_052023.pdf', 'page': 3, 'chunk_id': 13}, {'source': 'D:\\mir\\TU Berlin\\thesis\\building_kb_agent\\data\\docs\\Neubauer_2025_J._Phys.__Conf._Ser._3140_052023.pdf', 'page': 5, 'chunk_id': 18}]"
case_002,"According to the occupancy study, how large can the permutation feature importance of occupancy become in heating forecasts?",fact_extraction,easy,fewshot_no_cot,7,The permutation feature importance of occupancy can contribute up to 14.7% in heating forecasts.,The permutation feature importance of occupancy can reach up to 14.7% in heating forecasts.,0.3,1.0,1.2696,"The answer correctly states the key number (14.7%) and covers all required key points, but provides no explanation or justification, just a short claim.","[""14.7"", ""occupancy"", ""heating"", ""feature importance""]","[{""source_substring"": ""Influence of occupancy data on heating"", ""page"": 2}, {""source_substring"": ""Influence of occupancy data on heating"", ""page"": 5}]",Occupancy paper: abstract + table result.,"[{'source': 'D:\\mir\\TU Berlin\\thesis\\building_kb_agent\\data\\docs\\Neubauer_2025_J._Phys.__Conf._Ser._3140_052023.pdf', 'page': 1, 'chunk_id': 3}, {'source': 'D:\\mir\\TU Berlin\\thesis\\building_kb_agent\\data\\docs\\Neubauer_2025_J._Phys.__Conf._Ser._3140_052023.pdf', 'page': 1, 'chunk_id': 3}, {'source': 'D:\\mir\\TU Berlin\\thesis\\building_kb_agent\\data\\docs\\Neubauer_2025_J._Phys.__Conf._Ser._3140_052023.pdf', 'page': 4, 'chunk_id': 14}, {'source': 'D:\\mir\\TU Berlin\\thesis\\building_kb_agent\\data\\docs\\Neubauer_2025_J._Phys.__Conf._Ser._3140_052023.pdf', 'page': 6, 'chunk_id': 22}, {'source': 'D:\\mir\\TU Berlin\\thesis\\building_kb_agent\\data\\docs\\Neubauer_2025_J._Phys.__Conf._Ser._3140_052023.pdf', 'page': 3, 'chunk_id': 13}, {'source': 'D:\\mir\\TU Berlin\\thesis\\building_kb_agent\\data\\docs\\Neubauer_2025_J._Phys.__Conf._Ser._3140_052023.pdf', 'page': 5, 'chunk_id': 18}]"
case_003,"In the multi-step heating load forecasting study, is 24 hours or 48 hours of lagged history preferable, and why?",numerical_comparison,easy,fewshot_cot,7,24 hours is preferable in the reported study because it reduced simulation time from 92.75 s to 45.80 s and also increased forecast accuracy compared with 48 hours.,"1) Conclusion
24 hours of lagged history is preferable for multi-step heating load forecasting.

2) Explanation
- The study explicitly states that using 24 instead of 48 lagged hours reduced simulation time from 92.75 s to 45.80 s while simultaneously increasing forecast accuracy.
- A lag of 36 or 48 hours brings only small advantages compared to 24 hours, while the training time more than doubles with 48 instead of 24 lagged hours.
- The discrepancy between 24 and 12 lagged hours is considerably less pronounced (0.036) than between 12 and 2 (0.154), suggesting diminishing returns beyond 24 hours.
- The paper also references prior work showing that increasing lagging from 7 to 14 days offers no advantage for single-step forecasting, supporting the principle that longer lags do not necessarily improve accuracy.

3) Evidence (source/page/chunk + short summary)
- Source: Explainable multi-step heating load forecasting Using SHAP values and.pdf | page=1 | chunk=unknown: Using 24 instead of 48 lagged hours reduced simulation time from 92.75 s to 45.80 s and increased forecast accuracy.
- Source: Explainable multi-step heating load forecasting Using SHAP values and.pdf | page=16 | chunk=unknown: A lag of 36 or 48 h brings only small advantages compared to 24 h, while training time more than doubles with 48 instead of 24 lagged hours.
- Source: Explainable multi-step heating load forecasting Using SHAP values and.pdf | page=2 | chunk=161: The discrepancy between 24 and 12 is considerably less pronounced (0.036) than that between 12 and 2 (0.154), and prior work shows increasing lagging from 7 to 14 days offers no advantage.

4) Assumptions & Scope
- This conclusion is based on the specific encoder-decoder model and datasets used in the study.
- The optimal lag length may differ for other model architectures, building types, or forecasting horizons.

5) Suggested Next Retrieval
lagged hours 24 vs 48 multi-step heating load forecasting encoder decoder simulation time accuracy",1.0,1.0,7.5782,"The answer provides a clear conclusion, well-structured explanation with specific numerical evidence (45.80 s, 92.75 s), covers all required key points, and includes context, assumptions, and source references. Reasoning is logical and thorough.","[""24"", ""48"", ""45.80"", ""92.75"", ""reduced simulation time"", ""increased forecast accuracy""]","[{""source_substring"": ""Explainable multi-step heating load forecasting"", ""page"": 1}]",Heating forecasting + SHAP paper: highlight/abstract result.,"[{'source': 'D:\\mir\\TU Berlin\\thesis\\building_kb_agent\\data\\docs\\Explainable multi-step heating load forecasting Using SHAP values and.pdf', 'page': 2, 'chunk_id': 161}, {'source': 'D:\\mir\\TU Berlin\\thesis\\building_kb_agent\\data\\docs\\Explainable multi-step heating load forecasting Using SHAP values and.pdf', 'page': 4, 'chunk_id': 174}, {'source': 'D:\\mir\\TU Berlin\\thesis\\building_kb_agent\\data\\docs\\Explainable multi-step heating load forecasting Using SHAP values and.pdf', 'page': 9, 'chunk_id': 217}, {'source': 'D:\\mir\\TU Berlin\\thesis\\building_kb_agent\\data\\docs\\Imputing the long-term missing heating load data using a generative network.pdf', 'page': 6, 'chunk_id': 329}, {'source': 'D:\\mir\\TU Berlin\\thesis\\building_kb_agent\\data\\docs\\An_Explainable_Transformer-based_Mixture_of_Expert.pdf', 'page': 17, 'chunk_id': 93}, {'source': 'D:\\mir\\TU Berlin\\thesis\\building_kb_agent\\data\\docs\\Imputing the long-term missing heating load data using a generative network.pdf', 'page': 3, 'chunk_id': 304}]"
case_003,"In the multi-step heating load forecasting study, is 24 hours or 48 hours of lagged history preferable, and why?",numerical_comparison,easy,fewshot_no_cot,7,24 hours is preferable in the reported study because it reduced simulation time from 92.75 s to 45.80 s and also increased forecast accuracy compared with 48 hours.,24 hours is preferable because it reduces simulation time and increases forecast accuracy compared to 48 hours.,0.3,0.5,1.3442,"The answer states the conclusion and mentions reduced simulation time and increased accuracy, but lacks specific numbers (45.80 s, 92.75 s) and does not provide a clear, well-structured justification. It is too brief and does not interpret the evidence.","[""24"", ""48"", ""45.80"", ""92.75"", ""reduced simulation time"", ""increased forecast accuracy""]","[{""source_substring"": ""Explainable multi-step heating load forecasting"", ""page"": 1}]",Heating forecasting + SHAP paper: highlight/abstract result.,"[{'source': 'D:\\mir\\TU Berlin\\thesis\\building_kb_agent\\data\\docs\\Explainable multi-step heating load forecasting Using SHAP values and.pdf', 'page': 2, 'chunk_id': 161}, {'source': 'D:\\mir\\TU Berlin\\thesis\\building_kb_agent\\data\\docs\\Explainable multi-step heating load forecasting Using SHAP values and.pdf', 'page': 4, 'chunk_id': 174}, {'source': 'D:\\mir\\TU Berlin\\thesis\\building_kb_agent\\data\\docs\\Explainable multi-step heating load forecasting Using SHAP values and.pdf', 'page': 9, 'chunk_id': 217}, {'source': 'D:\\mir\\TU Berlin\\thesis\\building_kb_agent\\data\\docs\\Imputing the long-term missing heating load data using a generative network.pdf', 'page': 6, 'chunk_id': 329}, {'source': 'D:\\mir\\TU Berlin\\thesis\\building_kb_agent\\data\\docs\\An_Explainable_Transformer-based_Mixture_of_Expert.pdf', 'page': 17, 'chunk_id': 93}, {'source': 'D:\\mir\\TU Berlin\\thesis\\building_kb_agent\\data\\docs\\Imputing the long-term missing heating load data using a generative network.pdf', 'page': 3, 'chunk_id': 304}]"
case_004,What benefit did Deep SHAP based feature selection provide in the multi-step heating load forecasting study?,fact_extraction,medium,fewshot_cot,7,Deep SHAP based feature selection reduced training time by 3.98% and reduced NRMSE by 8.11%.,"1) Conclusion
Deep SHAP-based feature selection improved forecast accuracy and reduced training time compared to using all features or a ranking-based selection.

2) Explanation
- Removing features identified as less important by Deep SHAP led to a measurable improvement in NRMSE (reduction of 8.11%).
- Training time also decreased from 47.7 s to 45.8 s (a reduction of 3.98%).
- The study explicitly states that Tree SHAP and Deep SHAP lead to good feature selection, whereas a ranking-based feature importance (RFI) approach led to poor selection.
- The forecast remained relatively accurate even after removing two of the seven features, likely because the model learned the recurring heating load pattern well.

3) Evidence (source/page/chunk + short summary)
- Source: Explainable multi-step heating load forecasting Using SHAP values and.pdf | page=11 | chunk=229: Deep SHAP-based removal improved NRMSE by 8.11% and reduced training time by 3.98%.
- Source: Explainable multi-step heating load forecasting Using SHAP values and.pdf | page=11 | chunk=229: Tree SHAP and Deep SHAP lead to good feature selection, while RFI leads to poor selection.
- Source: Explainable multi-step heating load forecasting Using SHAP values and.pdf | page=11 | chunk=229: Forecast remained good (NRMSE 14.5%) even after removing two of seven features.

4) Assumptions & Scope
- This benefit was observed for the multifamily residential building (MFRB) dataset in the study.
- The effect was less pronounced for the district heating system (DHS) dataset, which had lower baseline prediction quality.

5) Suggested Next Retrieval
Deep SHAP feature selection heating load forecasting NRMSE improvement training time reduction MFRB DHS",0.9,1.0,6.2607,"The answer provides a clear, logical, and well-structured justification, correctly interpreting the key numbers and comparisons. It covers all required key points (Deep SHAP, 3.98%, training time, 8.11%, NRMSE) and includes additional context such as assumptions and scope. Minor deduction for slightly verbose structure, but overall excellent.","[""Deep SHAP"", ""3.98"", ""training time"", ""8.11"", ""NRMSE""]","[{""source_substring"": ""Explainable multi-step heating load forecasting"", ""page"": 1}, {""source_substring"": ""Explainable multi-step heating load forecasting"", ""page"": 2}]",Heating forecasting + SHAP paper: abstract result.,"[{'source': 'D:\\mir\\TU Berlin\\thesis\\building_kb_agent\\data\\docs\\Explainable multi-step heating load forecasting Using SHAP values and.pdf', 'page': 3, 'chunk_id': 166}, {'source': 'D:\\mir\\TU Berlin\\thesis\\building_kb_agent\\data\\docs\\Relationship betweenfeature importanceandbuildingcharacteristics for.pdf', 'page': 10, 'chunk_id': 504}, {'source': 'D:\\mir\\TU Berlin\\thesis\\building_kb_agent\\data\\docs\\Explainable multi-step heating load forecasting Using SHAP values and.pdf', 'page': 11, 'chunk_id': 229}, {'source': 'D:\\mir\\TU Berlin\\thesis\\building_kb_agent\\data\\docs\\Explainable multi-step heating load forecasting Using SHAP values and.pdf', 'page': 6, 'chunk_id': 195}, {'source': 'D:\\mir\\TU Berlin\\thesis\\building_kb_agent\\data\\docs\\Explainable multi-step heating load forecasting Using SHAP values and.pdf', 'page': 3, 'chunk_id': 170}, {'source': 'D:\\mir\\TU Berlin\\thesis\\building_kb_agent\\data\\docs\\An_Explainable_Transformer-based_Mixture_of_Expert.pdf', 'page': 17, 'chunk_id': 96}]"
case_004,What benefit did Deep SHAP based feature selection provide in the multi-step heating load forecasting study?,fact_extraction,medium,fewshot_no_cot,7,Deep SHAP based feature selection reduced training time by 3.98% and reduced NRMSE by 8.11%.,Deep SHAP based feature selection improved forecast accuracy and reduced training time.,0.3,0.3,1.3118,"The answer mentions improved forecast accuracy and reduced training time, but lacks specific numerical values (3.98% and 8.11%) and does not explicitly state NRMSE. The reasoning is vague and not supported by evidence.","[""Deep SHAP"", ""3.98"", ""training time"", ""8.11"", ""NRMSE""]","[{""source_substring"": ""Explainable multi-step heating load forecasting"", ""page"": 1}, {""source_substring"": ""Explainable multi-step heating load forecasting"", ""page"": 2}]",Heating forecasting + SHAP paper: abstract result.,"[{'source': 'D:\\mir\\TU Berlin\\thesis\\building_kb_agent\\data\\docs\\Explainable multi-step heating load forecasting Using SHAP values and.pdf', 'page': 3, 'chunk_id': 166}, {'source': 'D:\\mir\\TU Berlin\\thesis\\building_kb_agent\\data\\docs\\Relationship betweenfeature importanceandbuildingcharacteristics for.pdf', 'page': 10, 'chunk_id': 504}, {'source': 'D:\\mir\\TU Berlin\\thesis\\building_kb_agent\\data\\docs\\Explainable multi-step heating load forecasting Using SHAP values and.pdf', 'page': 11, 'chunk_id': 229}, {'source': 'D:\\mir\\TU Berlin\\thesis\\building_kb_agent\\data\\docs\\Explainable multi-step heating load forecasting Using SHAP values and.pdf', 'page': 6, 'chunk_id': 195}, {'source': 'D:\\mir\\TU Berlin\\thesis\\building_kb_agent\\data\\docs\\Explainable multi-step heating load forecasting Using SHAP values and.pdf', 'page': 3, 'chunk_id': 170}, {'source': 'D:\\mir\\TU Berlin\\thesis\\building_kb_agent\\data\\docs\\An_Explainable_Transformer-based_Mixture_of_Expert.pdf', 'page': 17, 'chunk_id': 96}]"
case_005,Why is the proposed Mixture of Experts framework described as metadata-free?,concept_explanation,easy,fewshot_cot,7,It is described as metadata-free because it relies only on data-driven consumption clustering and does not require explicit building metadata.,"1) Conclusion
The proposed Mixture of Experts framework is described as metadata-free because it does not rely on explicit building metadata (e.g., usage type, occupancy, HVAC topology) and instead uses data-driven consumption clustering to assign buildings to experts.

2) Explanation
- The paper explicitly states that the approach is ""metadata-free"" and relies solely on data-driven consumption clustering.
- This design choice addresses the challenge that building metadata is often unavailable or inconsistent across different buildings.
- Instead of requiring manually curated metadata, the framework automatically groups buildings based on their historical heat load patterns.
- The clustering is performed per dataset, and the resulting groups provide the training sets for the experts.

3) Evidence (source/page/chunk + short summary)
- Source: An_Explainable_Transformer-based_Mixture_of_Expert.pdf | page=0 | chunk=5: The paper proposes a ""metadata-free"" approach to address challenges in modeling diverse buildings.
- Source: An_Explainable_Transformer-based_Mixture_of_Expert.pdf | page=16 | chunk=83: The conclusion explicitly describes the framework as a ""metadata-free Mixture of Experts framework.""
- Source: An_Explainable_Transformer-based_Mixture_of_Expert.pdf | page=4 | chunk=27: Shows that clustering is performed per dataset and the resulting groups provide training sets for experts.

4) Assumptions & Scope
- ""Metadata-free"" specifically means no explicit building metadata is used for expert assignment or model design.
- The approach still uses time series data (heat load, temperature, temporal encodings) as input features.
- The clustering is based on annual mean heat load patterns, not on building characteristics.

5) Suggested Next Retrieval
metadata-free clustering building heat load expert assignment without metadata",1.0,1.0,6.5317,"The answer provides a clear, logical, and well-structured justification, covering all required key points: metadata-free, data-driven, consumption clustering, and without explicit building metadata. It includes a conclusion, explanation, evidence, and assumptions, demonstrating strong reasoning quality and completeness.","[""metadata-free"", ""data-driven"", ""consumption clustering"", ""without explicit building metadata""]","[{""source_substring"": ""An_Explainable_Transformer-based_Mixture_of_Expert"", ""page"": 1}, {""source_substring"": ""An_Explainable_Transformer-based_Mixture_of_Expert"", ""page"": 2}]",MoE paper: abstract + contribution bullets.,"[{'source': 'D:\\mir\\TU Berlin\\thesis\\building_kb_agent\\data\\docs\\An_Explainable_Transformer-based_Mixture_of_Expert.pdf', 'page': 4, 'chunk_id': 27}, {'source': 'D:\\mir\\TU Berlin\\thesis\\building_kb_agent\\data\\docs\\An_Explainable_Transformer-based_Mixture_of_Expert.pdf', 'page': 16, 'chunk_id': 83}, {'source': 'D:\\mir\\TU Berlin\\thesis\\building_kb_agent\\data\\docs\\An_Explainable_Transformer-based_Mixture_of_Expert.pdf', 'page': 0, 'chunk_id': 5}, {'source': 'D:\\mir\\TU Berlin\\thesis\\building_kb_agent\\data\\docs\\An_Explainable_Transformer-based_Mixture_of_Expert.pdf', 'page': 11, 'chunk_id': 59}, {'source': 'D:\\mir\\TU Berlin\\thesis\\building_kb_agent\\data\\docs\\Relationship betweenfeature importanceandbuildingcharacteristics for.pdf', 'page': 3, 'chunk_id': 456}, {'source': 'D:\\mir\\TU Berlin\\thesis\\building_kb_agent\\data\\docs\\Relationship betweenfeature importanceandbuildingcharacteristics for.pdf', 'page': 11, 'chunk_id': 515}]"
case_005,Why is the proposed Mixture of Experts framework described as metadata-free?,concept_explanation,easy,fewshot_no_cot,7,It is described as metadata-free because it relies only on data-driven consumption clustering and does not require explicit building metadata.,"The proposed Mixture of Experts framework is described as metadata-free because it relies solely on data-driven consumption clustering to assign buildings to experts, without using explicit building metadata.",1.0,1.0,1.5079,"The answer clearly explains why the framework is metadata-free, correctly identifies data-driven consumption clustering, and explicitly states that no explicit building metadata is used. It covers all required key points concisely and logically.","[""metadata-free"", ""data-driven"", ""consumption clustering"", ""without explicit building metadata""]","[{""source_substring"": ""An_Explainable_Transformer-based_Mixture_of_Expert"", ""page"": 1}, {""source_substring"": ""An_Explainable_Transformer-based_Mixture_of_Expert"", ""page"": 2}]",MoE paper: abstract + contribution bullets.,"[{'source': 'D:\\mir\\TU Berlin\\thesis\\building_kb_agent\\data\\docs\\An_Explainable_Transformer-based_Mixture_of_Expert.pdf', 'page': 4, 'chunk_id': 27}, {'source': 'D:\\mir\\TU Berlin\\thesis\\building_kb_agent\\data\\docs\\An_Explainable_Transformer-based_Mixture_of_Expert.pdf', 'page': 16, 'chunk_id': 83}, {'source': 'D:\\mir\\TU Berlin\\thesis\\building_kb_agent\\data\\docs\\An_Explainable_Transformer-based_Mixture_of_Expert.pdf', 'page': 0, 'chunk_id': 5}, {'source': 'D:\\mir\\TU Berlin\\thesis\\building_kb_agent\\data\\docs\\An_Explainable_Transformer-based_Mixture_of_Expert.pdf', 'page': 11, 'chunk_id': 59}, {'source': 'D:\\mir\\TU Berlin\\thesis\\building_kb_agent\\data\\docs\\Relationship betweenfeature importanceandbuildingcharacteristics for.pdf', 'page': 3, 'chunk_id': 456}, {'source': 'D:\\mir\\TU Berlin\\thesis\\building_kb_agent\\data\\docs\\Relationship betweenfeature importanceandbuildingcharacteristics for.pdf', 'page': 11, 'chunk_id': 515}]"
case_006,How are experts organized in the explainable Mixture of Experts framework for heat load forecasting?,method_explanation,medium,fewshot_cot,7,"Buildings are clustered into heat load regimes using k-means on annual mean heat load, and one Informer-based expert is trained for each regime. The main model uses three experts.","1) Conclusion
Experts are organized by clustering buildings based on their annual mean heat load, with each cluster assigned a specialized Transformer-based expert. The gating mechanism then adaptively routes each building's forecast to the most relevant expert(s).

2) Explanation
- Buildings are grouped into clusters using a data-driven approach based on annual mean heat load.
- The optimal number of experts was found to be k=3 (Low, Medium, High consumption regimes).
- Each expert is a Transformer subnetwork specialized for its assigned cluster's heat load patterns.
- A gating mechanism (softmax) coordinates the experts, adaptively allocating importance among them.
- The gating behavior shows a soft-hard hybrid mixture, where sometimes experts blend and sometimes one expert dominates.
- The gating weights align with physical building characteristics, providing transparency.

3) Evidence (source/page/chunk + short summary)
- Source: An_Explainable_Transformer-based_Mixture_of_Expert.pdf | page=5 | chunk=unknown: Buildings assigned to experts via clustering of annual mean heat load; k=3 achieved lowest average MAE.
- Source: An_Explainable_Transformer-based_Mixture_of_Expert.pdf | page=2 | chunk=16: MoE extends ensemble principles through specialized subnetworks coordinated by a gating mechanism that adaptively allocates importance among experts.
- Source: An_Explainable_Transformer-based_Mixture_of_Expert.pdf | page=12 | chunk=64: MoE with three experts attains lowest NRMSE, MAE, and sMAPE on every dataset; five experts lead to fragmentation.
- Source: An_Explainable_Transformer-based_Mixture_of_Expert.pdf | page=13 | chunk=69: Gating weights show soft-hard hybrid mixture; Low and High experts dominate Demandlib dataset.

4) Assumptions & Scope
- This organization is specific to the Transformer-based MoE framework described in the paper.
- The clustering is based solely on consumption data, not building metadata.
- The optimal number of experts (k=3) was determined empirically for the datasets studied.

5) Suggested Next Retrieval
MoE expert clustering gating mechanism soft-hard hybrid heat load forecasting Transformer",0.9,1.0,7.6863,"The answer provides a clear, logical, and well-structured explanation of how experts are organized, including clustering via k-means on annual mean heat load, use of Informer-based experts, and k=3. All required key points are covered. Minor deviation: 'Transformer-based' instead of 'Informer' but contextually equivalent; no deduction.","[""clustered"", ""k-means"", ""annual mean heat load"", ""Informer"", ""three experts"", ""k = 3""]","[{""source_substring"": ""An_Explainable_Transformer-based_Mixture_of_Expert"", ""page"": 5}]",MoE paper: expert clustering section.,"[{'source': 'D:\\mir\\TU Berlin\\thesis\\building_kb_agent\\data\\docs\\An_Explainable_Transformer-based_Mixture_of_Expert.pdf', 'page': 2, 'chunk_id': 17}, {'source': 'D:\\mir\\TU Berlin\\thesis\\building_kb_agent\\data\\docs\\An_Explainable_Transformer-based_Mixture_of_Expert.pdf', 'page': 2, 'chunk_id': 15}, {'source': 'D:\\mir\\TU Berlin\\thesis\\building_kb_agent\\data\\docs\\An_Explainable_Transformer-based_Mixture_of_Expert.pdf', 'page': 2, 'chunk_id': 16}, {'source': 'D:\\mir\\TU Berlin\\thesis\\building_kb_agent\\data\\docs\\An_Explainable_Transformer-based_Mixture_of_Expert.pdf', 'page': 12, 'chunk_id': 64}, {'source': 'D:\\mir\\TU Berlin\\thesis\\building_kb_agent\\data\\docs\\An_Explainable_Transformer-based_Mixture_of_Expert.pdf', 'page': 17, 'chunk_id': 100}, {'source': 'D:\\mir\\TU Berlin\\thesis\\building_kb_agent\\data\\docs\\An_Explainable_Transformer-based_Mixture_of_Expert.pdf', 'page': 13, 'chunk_id': 69}]"
case_006,How are experts organized in the explainable Mixture of Experts framework for heat load forecasting?,method_explanation,medium,fewshot_no_cot,7,"Buildings are clustered into heat load regimes using k-means on annual mean heat load, and one Informer-based expert is trained for each regime. The main model uses three experts.","Experts are organized by clustering buildings based on their annual mean heat load, with each cluster assigned a dedicated expert subnetwork. A gating mechanism adaptively weights each expert's contribution to the final forecast.",0.4,0.5,1.6923,"The answer correctly mentions clustering by annual mean heat load and assigning experts per cluster, but lacks key details: k-means, Informer, three experts, and k=3. The reasoning is partially clear but incomplete.","[""clustered"", ""k-means"", ""annual mean heat load"", ""Informer"", ""three experts"", ""k = 3""]","[{""source_substring"": ""An_Explainable_Transformer-based_Mixture_of_Expert"", ""page"": 5}]",MoE paper: expert clustering section.,"[{'source': 'D:\\mir\\TU Berlin\\thesis\\building_kb_agent\\data\\docs\\An_Explainable_Transformer-based_Mixture_of_Expert.pdf', 'page': 2, 'chunk_id': 17}, {'source': 'D:\\mir\\TU Berlin\\thesis\\building_kb_agent\\data\\docs\\An_Explainable_Transformer-based_Mixture_of_Expert.pdf', 'page': 2, 'chunk_id': 15}, {'source': 'D:\\mir\\TU Berlin\\thesis\\building_kb_agent\\data\\docs\\An_Explainable_Transformer-based_Mixture_of_Expert.pdf', 'page': 2, 'chunk_id': 16}, {'source': 'D:\\mir\\TU Berlin\\thesis\\building_kb_agent\\data\\docs\\An_Explainable_Transformer-based_Mixture_of_Expert.pdf', 'page': 12, 'chunk_id': 64}, {'source': 'D:\\mir\\TU Berlin\\thesis\\building_kb_agent\\data\\docs\\An_Explainable_Transformer-based_Mixture_of_Expert.pdf', 'page': 17, 'chunk_id': 100}, {'source': 'D:\\mir\\TU Berlin\\thesis\\building_kb_agent\\data\\docs\\An_Explainable_Transformer-based_Mixture_of_Expert.pdf', 'page': 13, 'chunk_id': 69}]"
case_007,What input features are used in the Mixture of Experts forecasting task?,fact_extraction,easy,fewshot_cot,7,"The input features are outside temperature, historical heat load, and four temporal encodings: sin(Month), cos(Month), sin(Hour), and cos(Hour).","1) Conclusion
The MoE forecasting task uses past heat load, outdoor temperature, and four temporal encodings: sin(Hour), cos(Hour), sin(Month), and cos(Month).

2) Explanation
- The primary autoregressive input is the historical heat load time series.
- Outdoor temperature is included as an exogenous weather feature.
- Temporal encodings capture daily and seasonal cycles: sin(Hour) and cos(Hour) for the day-night pattern, and sin(Month) and cos(Month) for the seasonal pattern.
- These features are used consistently across all experts in the MoE framework.

3) Evidence (source/page/chunk + short summary)
- Source: An_Explainable_Transformer-based_Mixture_of_Expert.pdf | page=15 | chunk=76: Feature importance analysis lists past heat load, outdoor temperature, sin(Hour), cos(Hour), sin(Month), and cos(Month) as the input features.

4) Assumptions & Scope
- This answer is based solely on the MoE paper provided in the context.
- The features listed are the ones used for the heat load forecasting task in that specific study.

5) Suggested Next Retrieval
MoE input features heat load outdoor temperature temporal encodings",1.0,1.0,4.711,"The answer provides a clear, logical, and well-structured justification, covering all required key points (outside temperature, historical heat load, sin(month), cos(month), sin(hour), cos(hour)). It separates conclusion, explanation, evidence, and assumptions, and correctly interprets the features.","[""outside temperature"", ""historical heat load"", ""sin(month)"", ""cos(month)"", ""sin(hour)"", ""cos(hour)""]","[{""source_substring"": ""An_Explainable_Transformer-based_Mixture_of_Expert"", ""page"": 6}]",MoE paper: feature selection section.,"[{'source': 'D:\\mir\\TU Berlin\\thesis\\building_kb_agent\\data\\docs\\An_Explainable_Transformer-based_Mixture_of_Expert.pdf', 'page': 15, 'chunk_id': 76}, {'source': 'D:\\mir\\TU Berlin\\thesis\\building_kb_agent\\data\\docs\\Explainable multi-step heating load forecasting Using SHAP values and.pdf', 'page': 14, 'chunk_id': 246}, {'source': 'D:\\mir\\TU Berlin\\thesis\\building_kb_agent\\data\\docs\\Explainable multi-step heating load forecasting Using SHAP values and.pdf', 'page': 5, 'chunk_id': 184}, {'source': 'D:\\mir\\TU Berlin\\thesis\\building_kb_agent\\data\\docs\\An_Explainable_Transformer-based_Mixture_of_Expert.pdf', 'page': 13, 'chunk_id': 69}, {'source': 'D:\\mir\\TU Berlin\\thesis\\building_kb_agent\\data\\docs\\Explainable multi-step heating load forecasting Using SHAP values and.pdf', 'page': 7, 'chunk_id': 202}, {'source': 'D:\\mir\\TU Berlin\\thesis\\building_kb_agent\\data\\docs\\Explainable multi-step heating load forecasting Using SHAP values and.pdf', 'page': 4, 'chunk_id': 176}]"
case_007,What input features are used in the Mixture of Experts forecasting task?,fact_extraction,easy,fewshot_no_cot,7,"The input features are outside temperature, historical heat load, and four temporal encodings: sin(Month), cos(Month), sin(Hour), and cos(Hour).","The input features are past heat load, outdoor temperature, sin(Hour), cos(Hour), sin(Month), and cos(Month).",0.3,1.0,1.7611,"The answer lists all required features but provides no explanation or justification, resulting in low reasoning quality. However, it covers all key points from the reference answer.","[""outside temperature"", ""historical heat load"", ""sin(month)"", ""cos(month)"", ""sin(hour)"", ""cos(hour)""]","[{""source_substring"": ""An_Explainable_Transformer-based_Mixture_of_Expert"", ""page"": 6}]",MoE paper: feature selection section.,"[{'source': 'D:\\mir\\TU Berlin\\thesis\\building_kb_agent\\data\\docs\\An_Explainable_Transformer-based_Mixture_of_Expert.pdf', 'page': 15, 'chunk_id': 76}, {'source': 'D:\\mir\\TU Berlin\\thesis\\building_kb_agent\\data\\docs\\Explainable multi-step heating load forecasting Using SHAP values and.pdf', 'page': 14, 'chunk_id': 246}, {'source': 'D:\\mir\\TU Berlin\\thesis\\building_kb_agent\\data\\docs\\Explainable multi-step heating load forecasting Using SHAP values and.pdf', 'page': 5, 'chunk_id': 184}, {'source': 'D:\\mir\\TU Berlin\\thesis\\building_kb_agent\\data\\docs\\An_Explainable_Transformer-based_Mixture_of_Expert.pdf', 'page': 13, 'chunk_id': 69}, {'source': 'D:\\mir\\TU Berlin\\thesis\\building_kb_agent\\data\\docs\\Explainable multi-step heating load forecasting Using SHAP values and.pdf', 'page': 7, 'chunk_id': 202}, {'source': 'D:\\mir\\TU Berlin\\thesis\\building_kb_agent\\data\\docs\\Explainable multi-step heating load forecasting Using SHAP values and.pdf', 'page': 4, 'chunk_id': 176}]"
case_008,How does the gating mechanism combine experts in the Mixture of Experts framework?,method_explanation,medium,fewshot_cot,7,"The gating unit outputs softmax weights for the experts at each timestep, and the final forecast is a weighted average of the low-, medium-, and high-load expert predictions.","1) Conclusion
The gating mechanism combines experts by computing soft assignment weights and forming the final forecast as a weighted average of the experts' predictions.

2) Explanation
- A gating unit is trained on the full dataset after expert training.
- For each time step, it outputs soft assignment weights: α = [α_low, α_medium, α_high] using a softmax function.
- During inference, all experts produce their own forecasts (ŷ_Low, ŷ_Medium, ŷ_High).
- The final output is computed as a weighted average: ŷ = α_low·ŷ_Low + α_medium·ŷ_Medium + α_high·ŷ_High.
- The weights provide explainability by quantifying each expert's contribution to the final forecast.
- The gating behavior varies across datasets: on synthetic data, experts are assigned cleanly to regimes; on real data, the High expert tends to dominate, while Medium and Low experts contribute less.

3) Evidence (source/page/chunk + short summary)
- Source: An_Explainable_Transformer-based_Mixture_of_Expert.pdf | page=5 | chunk=30: Gating outputs soft assignment weights via softmax; final forecast is a weighted average of expert predictions.
- Source: An_Explainable_Transformer-based_Mixture_of_Expert.pdf | page=13 | chunk=70: Gating behavior varies across datasets; High expert dominates in real data, while Medium and Low experts contribute less.

4) Assumptions & Scope
- This description is specific to the MoE framework presented in the paper.
- The gating mechanism is trained separately after expert training and uses a simple linear layer with softmax.

5) Suggested Next Retrieval
MoE gating mechanism softmax weighted average expert specialization heat load forecasting",0.9,1.0,6.1107,"The answer provides a clear, logical, and well-structured explanation of the gating mechanism, including softmax weights and weighted average, and explicitly mentions low, medium, and high experts. It covers all required key points and includes additional context and evidence.","[""softmax"", ""weights"", ""weighted average"", ""low"", ""medium"", ""high""]","[{""source_substring"": ""An_Explainable_Transformer-based_Mixture_of_Expert"", ""page"": 6}]",MoE paper: gating mechanism and inference.,"[{'source': 'D:\\mir\\TU Berlin\\thesis\\building_kb_agent\\data\\docs\\An_Explainable_Transformer-based_Mixture_of_Expert.pdf', 'page': 13, 'chunk_id': 70}, {'source': 'D:\\mir\\TU Berlin\\thesis\\building_kb_agent\\data\\docs\\An_Explainable_Transformer-based_Mixture_of_Expert.pdf', 'page': 5, 'chunk_id': 30}, {'source': 'D:\\mir\\TU Berlin\\thesis\\building_kb_agent\\data\\docs\\An_Explainable_Transformer-based_Mixture_of_Expert.pdf', 'page': 2, 'chunk_id': 16}, {'source': 'D:\\mir\\TU Berlin\\thesis\\building_kb_agent\\data\\docs\\An_Explainable_Transformer-based_Mixture_of_Expert.pdf', 'page': 11, 'chunk_id': 59}, {'source': 'D:\\mir\\TU Berlin\\thesis\\building_kb_agent\\data\\docs\\Relationship betweenfeature importanceandbuildingcharacteristics for.pdf', 'page': 11, 'chunk_id': 517}, {'source': 'D:\\mir\\TU Berlin\\thesis\\building_kb_agent\\data\\docs\\An_Explainable_Transformer-based_Mixture_of_Expert.pdf', 'page': 16, 'chunk_id': 84}]"
case_008,How does the gating mechanism combine experts in the Mixture of Experts framework?,method_explanation,medium,fewshot_no_cot,7,"The gating unit outputs softmax weights for the experts at each timestep, and the final forecast is a weighted average of the low-, medium-, and high-load expert predictions.","The gating mechanism outputs soft assignment weights for each expert using a softmax function. During inference, the final forecast is a weighted average of the experts' predictions, where the weights quantify each expert's contribution.",0.8,0.7,2.0815,"The answer clearly explains the gating mechanism using softmax to produce weights and a weighted average of expert predictions. However, it does not explicitly mention the low-, medium-, and high-load experts as required by the key points, which reduces completeness.","[""softmax"", ""weights"", ""weighted average"", ""low"", ""medium"", ""high""]","[{""source_substring"": ""An_Explainable_Transformer-based_Mixture_of_Expert"", ""page"": 6}]",MoE paper: gating mechanism and inference.,"[{'source': 'D:\\mir\\TU Berlin\\thesis\\building_kb_agent\\data\\docs\\An_Explainable_Transformer-based_Mixture_of_Expert.pdf', 'page': 13, 'chunk_id': 70}, {'source': 'D:\\mir\\TU Berlin\\thesis\\building_kb_agent\\data\\docs\\An_Explainable_Transformer-based_Mixture_of_Expert.pdf', 'page': 5, 'chunk_id': 30}, {'source': 'D:\\mir\\TU Berlin\\thesis\\building_kb_agent\\data\\docs\\An_Explainable_Transformer-based_Mixture_of_Expert.pdf', 'page': 2, 'chunk_id': 16}, {'source': 'D:\\mir\\TU Berlin\\thesis\\building_kb_agent\\data\\docs\\An_Explainable_Transformer-based_Mixture_of_Expert.pdf', 'page': 11, 'chunk_id': 59}, {'source': 'D:\\mir\\TU Berlin\\thesis\\building_kb_agent\\data\\docs\\Relationship betweenfeature importanceandbuildingcharacteristics for.pdf', 'page': 11, 'chunk_id': 517}, {'source': 'D:\\mir\\TU Berlin\\thesis\\building_kb_agent\\data\\docs\\An_Explainable_Transformer-based_Mixture_of_Expert.pdf', 'page': 16, 'chunk_id': 84}]"
case_009,"What overall improvements does the Mixture of Experts model report across the Demandlib, Green Fusion, and Hotels datasets?",numerical_comparison,medium,fewshot_cot,7,"Averaged over three input windows and three prediction horizons, the MoE reduces NRMSE by 24% on Demandlib, 13% on Green Fusion, and 10% on Hotels.","1) Conclusion
The MoE model achieves the best overall accuracy on all three datasets, with the largest gains on the synthetic Demandlib dataset and consistent positive improvements on the real-world Green Fusion and Hotels datasets.

2) Explanation
- On Demandlib, the MoE yields large and consistently significant improvements over all baselines across metrics and forecasting setups.
- On Green Fusion, improvements are more moderate but remain broadly consistent, indicating good generalization under noisier real-world measurements.
- On Hotels, improvements remain positive across nearly all settings, though some configurations do not reach statistical significance due to higher variability in hotel consumption profiles.
- The mixture of three Informer experts shows positive and statistically significant improvements in most cases over the single Informer model.
- Across short and long horizons, the benefit of MoE is not confined to a single setup.

3) Evidence (source/page/chunk + short summary)
- Source: An_Explainable_Transformer-based_Mixture_of_Expert.pdf | page=11 | chunk=58: Demandlib yields large and consistently significant improvements; Green Fusion shows moderate but consistent improvements; Hotels shows positive improvements across nearly all settings.
- Source: An_Explainable_Transformer-based_Mixture_of_Expert.pdf | page=11 | chunk=58: The mixture of three Informer experts shows positive and statistically significant improvements over the single Informer model.
- Source: An_Explainable_Transformer-based_Mixture_of_Expert.pdf | page=10 | chunk=55: The Mixture of Experts achieves the best overall accuracy on all datasets, benefiting from adaptive specialization.

4) Assumptions & Scope
- This answer is based on the specific MoE configuration with k=3 experts, which the paper identifies as the best-performing variant.
- The improvements are relative to the strongest single baselines (Informer, CNN-LSTM, PatchTST) as reported in the paper.

5) Suggested Next Retrieval
MoE Demandlib Green Fusion Hotels NRMSE MAE sMAPE improvement percentage statistical significance",0.4,0.3,6.909,"The answer provides a qualitative summary but does not report the specific NRMSE improvement percentages (24%, 13%, 10%) required by the reference. The reasoning is logical but lacks the precise numerical evidence needed for completeness.","[""24"", ""13"", ""10"", ""Demandlib"", ""Green Fusion"", ""Hotels"", ""NRMSE""]","[{""source_substring"": ""An_Explainable_Transformer-based_Mixture_of_Expert"", ""page"": 1}]",MoE paper: abstract result.,"[{'source': 'D:\\mir\\TU Berlin\\thesis\\building_kb_agent\\data\\docs\\An_Explainable_Transformer-based_Mixture_of_Expert.pdf', 'page': 4, 'chunk_id': 27}, {'source': 'D:\\mir\\TU Berlin\\thesis\\building_kb_agent\\data\\docs\\An_Explainable_Transformer-based_Mixture_of_Expert.pdf', 'page': 11, 'chunk_id': 58}, {'source': 'D:\\mir\\TU Berlin\\thesis\\building_kb_agent\\data\\docs\\An_Explainable_Transformer-based_Mixture_of_Expert.pdf', 'page': 12, 'chunk_id': 64}, {'source': 'D:\\mir\\TU Berlin\\thesis\\building_kb_agent\\data\\docs\\An_Explainable_Transformer-based_Mixture_of_Expert.pdf', 'page': 12, 'chunk_id': 63}, {'source': 'D:\\mir\\TU Berlin\\thesis\\building_kb_agent\\data\\docs\\An_Explainable_Transformer-based_Mixture_of_Expert.pdf', 'page': 13, 'chunk_id': 69}, {'source': 'D:\\mir\\TU Berlin\\thesis\\building_kb_agent\\data\\docs\\An_Explainable_Transformer-based_Mixture_of_Expert.pdf', 'page': 10, 'chunk_id': 55}]"
case_009,"What overall improvements does the Mixture of Experts model report across the Demandlib, Green Fusion, and Hotels datasets?",numerical_comparison,medium,fewshot_no_cot,7,"Averaged over three input windows and three prediction horizons, the MoE reduces NRMSE by 24% on Demandlib, 13% on Green Fusion, and 10% on Hotels.","The MoE model achieves the best overall accuracy on all three datasets, with three experts providing the most favorable balance of accuracy, specialization, and model size.",0.0,0.0,1.8797,"The answer does not provide the required numerical improvements (24%, 13%, 10%) or mention NRMSE, and lacks any specific quantitative justification.","[""24"", ""13"", ""10"", ""Demandlib"", ""Green Fusion"", ""Hotels"", ""NRMSE""]","[{""source_substring"": ""An_Explainable_Transformer-based_Mixture_of_Expert"", ""page"": 1}]",MoE paper: abstract result.,"[{'source': 'D:\\mir\\TU Berlin\\thesis\\building_kb_agent\\data\\docs\\An_Explainable_Transformer-based_Mixture_of_Expert.pdf', 'page': 4, 'chunk_id': 27}, {'source': 'D:\\mir\\TU Berlin\\thesis\\building_kb_agent\\data\\docs\\An_Explainable_Transformer-based_Mixture_of_Expert.pdf', 'page': 11, 'chunk_id': 58}, {'source': 'D:\\mir\\TU Berlin\\thesis\\building_kb_agent\\data\\docs\\An_Explainable_Transformer-based_Mixture_of_Expert.pdf', 'page': 12, 'chunk_id': 64}, {'source': 'D:\\mir\\TU Berlin\\thesis\\building_kb_agent\\data\\docs\\An_Explainable_Transformer-based_Mixture_of_Expert.pdf', 'page': 12, 'chunk_id': 63}, {'source': 'D:\\mir\\TU Berlin\\thesis\\building_kb_agent\\data\\docs\\An_Explainable_Transformer-based_Mixture_of_Expert.pdf', 'page': 13, 'chunk_id': 69}, {'source': 'D:\\mir\\TU Berlin\\thesis\\building_kb_agent\\data\\docs\\An_Explainable_Transformer-based_Mixture_of_Expert.pdf', 'page': 10, 'chunk_id': 55}]"
case_010,What is the main idea of the generative network for imputing long-term missing heating load data?,concept_explanation,medium,fewshot_cot,7,"The main idea is to impute long-term missing heating load data using only contemporaneous weather and temporal data, without relying on previously imputed heating values, thereby avoiding recursive error accumulation.","1) Conclusion
The main idea is to use a generative network that imputes long-term missing heating load data using only weather and temporal inputs, without relying on previously imputed values, thereby avoiding error accumulation.

2) Explanation
- Traditional methods use historical heating data as input, which leads to error accumulation when gaps are long.
- The proposed generative network avoids this by not using previous imputed values for further predictions.
- Instead, it relies solely on weather data and temporal features.
- The architecture is adapted from a contextual encoder originally designed for image completion, repurposed for the temporal domain of heating load data.

3) Evidence (source/page/chunk + short summary)
- Source: Imputing the long-term missing heating load data using a generative network.pdf | page=0 | chunk=280: Traditional methods cause error accumulation; the proposed generative network fills missing data based only on weather and temporal data.
- Source: Imputing the long-term missing heating load data using a generative network.pdf | page=3 | chunk=307: The network is based on a contextual encoder originally for image completion, adapted to heating load data using weather and temporal inputs.

4) Assumptions & Scope
- The approach is designed for long-term missing data, not short random gaps.
- It assumes that weather and temporal data are available for the missing periods.

5) Suggested Next Retrieval
generative network long-term missing heating load imputation contextual encoder weather temporal data",0.9,1.0,5.106,"The answer provides a clear, logical, and well-structured justification, separating conclusion, explanation, evidence, and assumptions. It correctly interprets the key points and covers all required key points: weather, temporal data, without previous imputed values, avoid error accumulation, and long-term missing. Minor deduction for slightly verbose structure but overall excellent.","[""weather"", ""temporal data"", ""without previous imputed values"", ""avoid error accumulation"", ""long-term missing""]","[{""source_substring"": ""Imputing the long-term missing heating load data"", ""page"": 1}, {""source_substring"": ""Imputing the long-term missing heating load data"", ""page"": 2}]",Imputation paper: abstract + intro.,"[{'source': 'D:\\mir\\TU Berlin\\thesis\\building_kb_agent\\data\\docs\\Imputing the long-term missing heating load data using a generative network.pdf', 'page': 0, 'chunk_id': 280}, {'source': 'D:\\mir\\TU Berlin\\thesis\\building_kb_agent\\data\\docs\\Imputing the long-term missing heating load data using a generative network.pdf', 'page': 3, 'chunk_id': 307}, {'source': 'D:\\mir\\TU Berlin\\thesis\\building_kb_agent\\data\\docs\\Imputing the long-term missing heating load data using a generative network.pdf', 'page': 15, 'chunk_id': 375}, {'source': 'D:\\mir\\TU Berlin\\thesis\\building_kb_agent\\data\\docs\\TCN-BiLSTM-CEAninterdisciplinaryapproachformissingenergydata.pdf', 'page': 7, 'chunk_id': 583}, {'source': 'D:\\mir\\TU Berlin\\thesis\\building_kb_agent\\data\\docs\\Imputing the long-term missing heating load data using a generative network.pdf', 'page': 15, 'chunk_id': 377}, {'source': 'D:\\mir\\TU Berlin\\thesis\\building_kb_agent\\data\\docs\\Imputing the long-term missing heating load data using a generative network.pdf', 'page': 9, 'chunk_id': 346}]"
case_010,What is the main idea of the generative network for imputing long-term missing heating load data?,concept_explanation,medium,fewshot_no_cot,7,"The main idea is to impute long-term missing heating load data using only contemporaneous weather and temporal data, without relying on previously imputed heating values, thereby avoiding recursive error accumulation.","The main idea is to use a generative network that imputes missing heating load data using only weather and temporal data, without relying on previous imputed values, thus avoiding error accumulation for long-term gaps.",0.8,1.0,1.4366,"The answer clearly states the main idea, explains the use of weather and temporal data, explicitly mentions avoiding reliance on previous imputed values and error accumulation, and addresses long-term gaps. It is concise and covers all required key points. Minor deduction for not elaborating on the generative network mechanism, but the reasoning is still clear and logical.","[""weather"", ""temporal data"", ""without previous imputed values"", ""avoid error accumulation"", ""long-term missing""]","[{""source_substring"": ""Imputing the long-term missing heating load data"", ""page"": 1}, {""source_substring"": ""Imputing the long-term missing heating load data"", ""page"": 2}]",Imputation paper: abstract + intro.,"[{'source': 'D:\\mir\\TU Berlin\\thesis\\building_kb_agent\\data\\docs\\Imputing the long-term missing heating load data using a generative network.pdf', 'page': 0, 'chunk_id': 280}, {'source': 'D:\\mir\\TU Berlin\\thesis\\building_kb_agent\\data\\docs\\Imputing the long-term missing heating load data using a generative network.pdf', 'page': 3, 'chunk_id': 307}, {'source': 'D:\\mir\\TU Berlin\\thesis\\building_kb_agent\\data\\docs\\Imputing the long-term missing heating load data using a generative network.pdf', 'page': 15, 'chunk_id': 375}, {'source': 'D:\\mir\\TU Berlin\\thesis\\building_kb_agent\\data\\docs\\TCN-BiLSTM-CEAninterdisciplinaryapproachformissingenergydata.pdf', 'page': 7, 'chunk_id': 583}, {'source': 'D:\\mir\\TU Berlin\\thesis\\building_kb_agent\\data\\docs\\Imputing the long-term missing heating load data using a generative network.pdf', 'page': 15, 'chunk_id': 377}, {'source': 'D:\\mir\\TU Berlin\\thesis\\building_kb_agent\\data\\docs\\Imputing the long-term missing heating load data using a generative network.pdf', 'page': 9, 'chunk_id': 346}]"
